<BackupInst xmlns="http://www.microsoft.com/GroupPolicy/GPOOperations/Manifest"><GPOGuid><![CDATA[{B3264F07-F45D-4FDC-B83E-98D7BB064A8C}]]></GPOGuid><GPODomain><![CDATA[crypco.local]]></GPODomain><GPODomainGuid><![CDATA[{284dd829-de13-4119-934c-bf61b5fd932c}]]></GPODomainGuid><GPODomainController><![CDATA[DC-01.crypco.local]]></GPODomainController><BackupTime><![CDATA[2025-04-14T05:20:28]]></BackupTime><ID><![CDATA[{B67147A7-3F6E-4668-AC2F-F0CCAB92EB05}]]></ID><Comment><![CDATA[smb]]></Comment><GPODisplayName><![CDATA[Windows 10 SMBv1]]></GPODisplayName></BackupInst>
