<BackupInst xmlns="http://www.microsoft.com/GroupPolicy/GPOOperations/Manifest"><GPOGuid><![CDATA[{72E01F63-BB13-462E-9350-E904200C9626}]]></GPOGuid><GPODomain><![CDATA[crypco.local]]></GPODomain><GPODomainGuid><![CDATA[{284dd829-de13-4119-934c-bf61b5fd932c}]]></GPODomainGuid><GPODomainController><![CDATA[DC-01.crypco.local]]></GPODomainController><BackupTime><![CDATA[2025-04-14T05:20:08]]></BackupTime><ID><![CDATA[{D7922AB6-F1C2-47A3-BB86-0FC759FBF58E}]]></ID><Comment><![CDATA[Main]]></Comment><GPODisplayName><![CDATA[Lab]]></GPODisplayName></BackupInst>
